filename,label
BEUIIMG-20190311-WA0039.jpg,nagendra
TZUBIMG-20190311-WA0039.jpg,chandravesh
8BJ4IMG-20190320-WA0019.jpg,chandravesh
56CAIMG-20190320-WA0019.jpg,nagendra
C5SVIMG-20190323-WA0025.jpg,prashant
TN1WIMG-20190323-WA0025.jpg,chandravesh
PZ82IMG-20190326-WA0002.jpg,prashant
APOXIMG-20190326-WA0004.jpg,prashant
6Q05IMG-20190326-WA0004.jpg,chandravesh
R31NIMG-20190326-WA0005.jpg,prashant
M0KEIMG-20190326-WA0005.jpg,chandravesh
WJSQIMG-20190326-WA0008.jpg,chandravesh
STGFIMG-20190326-WA0008.jpg,prashant
DSX5IMG-20190329-WA0014.jpg,nagendra
FJA4IMG-20190329-WA0018.jpg,nagendra
JLTVIMG-20190329-WA0018.jpg,chandravesh
PCM5IMG-20190329-WA0018.jpg,prashant
S5GDIMG-20190329-WA0022.jpg,chandravesh
OS2OIMG-20190329-WA0024.jpg,prashant
QEKNIMG-20190329-WA0024.jpg,chandravesh
GXI8IMG-20190329-WA0024.jpg,nagendra
JCHSIMG-20190329-WA0025.jpg,chandravesh
SUN2IMG-20190330-WA0001.jpg,chandravesh
YC5JIMG-20190330-WA0001.jpg,nagendra
MRK6IMG-20190418-WA0016.jpg,prashant
TJXHIMG-20190418-WA0016.jpg,chandravesh
7USVIMG-20190526-WA0013.jpg,chandravesh
WW9OIMG-20190526-WA0015.jpg,chandravesh
S7EMIMG-20190702-WA0007.jpg,chandravesh
QWRLIMG-20190818-WA0001.jpg,chandravesh
NIRMIMG-20190818-WA0001.jpg,nagendra
HSBFIMG-20190825-WA0001.jpg,chandravesh
BG1QIMG-20191011-WA0011.jpg,chandravesh
KBDMIMG-20191014-WA0062.jpg,nagendra
XMJ6IMG-20191014-WA0062.jpg,prashant
5KMHIMG-20191014-WA0062.jpg,chandravesh
OQ9OIMG-20191020-WA0002.jpg,chandravesh
BOANIMG-20191023-WA0002.jpg,prashant
VNIUIMG-20191026-WA0062.jpg,prashant
5347IMG-20191026-WA0079.jpg,prashant
W9VIIMG-20191026-WA0086.jpg,prashant
HXNZIMG_20170330_170154.jpg,nagendra
R74DIMG_20170330_170154.jpg,chandravesh
8TFRIMG_20190324_212502254.jpg,lavesh
V30UIMG_20190613_133205277.jpg,lavesh
QLJQIMG_20190613_151851919.jpg,lavesh
KLR3IMG_20190914_201134414.jpg,lavesh
HDVQIMG_20190915_143221052.jpg,lavesh
MFN3IMG_20190916_130729580.jpg,lavesh
YO4NIMG_20190918_110256017.jpg,lavesh
OCSRIMG_20190918_112716.jpg,lavesh
J6SUIMG_20190920_082937678.jpg,lavesh
MRHOIMG_20190920_082937678.jpg,nagendra
0DV9IMG_20190920_155114_399.jpg,lavesh
KNGJIMG_20191027_185117.jpg,chandravesh
60SSScreenshot_2019-10-22-10-37-03-374_com.android.chrome.jpg,nagendra
